<?xml-stylesheet href="filmographie.xsl" type="text/xsl" ?>
<films>
    <film annee="2011" visa="114089">
        <titre>King Kong</titre>
        <duree unite="minutes">188</duree>
        <nationalite>Americain</nationalite>
        <genres>
            <genre>Aventure</genre>
        </genres>
        <realisateur>Peter Jackson</realisateur>
        <acteurs>
            <acteur ref="1" nom="Jackson" prenom="Peter"/>
        </acteurs>
        <scenario>
            <keyword>New York, 1933.</keyword> Artiste de music-hall à la rue, <personnage>Ann Darrow</personnage> rencontre l'audacieux explorateur/réalisateur <personnage>Carl Denham.</personnage> 
            Ce dernier rêve de terminer son film inachevé, mais nourrit surtout la folle ambition d'être le premier à découvrir 
            le secret de la mystérieuse Skull Island. <ev>Il va entraîner Ann dans sa périlleuse aventure....</ev>
        </scenario>
        <exploitation>
            <datesortie>Mercredi 14 décembre 2005</datesortie>
            <nbsalles>547</nbsalles>
            <nbentrees>2838759</nbentrees>
            <pays>
                <nom>USA</nom>
                <nom>Japon</nom>
                <nom>Chine</nom>
            </pays>
        </exploitation>
        <image href="./kingkong.jpg"/>
    </film>
    <film annee="2022" visa="">
        <titre>Fall</titre>
        <duree unite="minutes">107</duree>
        <nationalite>Royaume Uni</nationalite>
        <genres>
            <genre>Thriller</genre>
        </genres>
        <realisateur>Scott Mann</realisateur>
        <acteurs>
            <acteur ref="2" nom="Simpkins" prenom="Ty"/>
            <acteur ref="3" nom="Fraser" prenom="Brendan"/>
        </acteurs>
        <scenario>
            Pour les meilleurs amis <personnage>Becky</personnage> et <personnage>Hunter</personnage>, la vie consiste à vaincre ses peurs et à repousser ses limites. 
            Mais après avoir grimpé à <keyword>2 000 pieds au sommet d'une tour de radio</keyword> isolée et abandonnée, ils se retrouvent bloqués sans aucun moyen de descendre.
            Maintenant, les compétences expertes en escalade de Becky et Hunter seront mises à l'épreuve ultime alors qu'<ev>ils se battent désespérément pour survivre aux éléments,
            au manque de fournitures et aux hauteurs vertigineuses.</ev>
        </scenario>
        <exploitation>
            <datesortie>09/09/2022</datesortie>
            <nbsalles>591</nbsalles>
            <nbentrees>139622</nbentrees>
            <pays>
                <nom>Japon</nom>
                <nom>Chine</nom>
            </pays>
        </exploitation>
        <image href="./fall.jpg"/>
    </film>
    <film annee="2006" visa="">
        <titre>The Whale</titre>
        <duree unite="minutes">117</duree>
        <nationalite>Americain</nationalite>
        <genres>
            <genre>Drame</genre>
        </genres>
        <realisateur>Darren Aronofsky</realisateur>
        <acteurs>
            <acteur ref="2" nom="Simpkins" prenom="Ty"/>
            <acteur ref="3" nom="Fraser" prenom="Brendan"/>
            <acteur ref="4" nom="Sink" prenom="Sadie"/>
        </acteurs>
        <scenario>
            <personnage>Charlie</personnage>, <keyword>professeur d'anglais reclus souffrant d'obésité</keyword>, <ev>tente de renouer avec sa fille adolescente 
            pour une ultime chance de rédemption.</ev>
        </scenario>
        <exploitation>
            <datesortie>22/02/2023</datesortie>
            <nbsalles>558</nbsalles>
            <nbentrees>138759</nbentrees>
            <pays>
                <nom>USA</nom>
                <nom>Brésil</nom>
                <nom>Italie</nom>
            </pays>
        </exploitation>
        <image href="./fall.jpg"/>
    </film>
    <film annee="2006" visa="">
        <titre>Beast</titre>
        <duree unite="minutes">93</duree>
        <nationalite>Americain</nationalite>
        <genres>
            <genre>Thriller</genre>
            <genre>Horreur</genre>
        </genres>
        <realisateur>Baltasar Kormákur</realisateur>
        <acteurs>
            <acteur ref="1" nom="Jackson" prenom="Peter"/>
            <acteur ref="4" nom="Sink" prenom="Sadie"/>
        </acteurs>
        <scenario>
            Le <personnage>Dr. Nate Daniels</personnage>, revient en Afrique du Sud, où il a autrefois rencontré sa femme aujourd’hui décédée, 
            pour y passer des vacances prévues de longue date avec ses deux filles dans une réserve naturelle, 
            tenue par <personnage>Martin Battles</personnage>, un vieil ami de la famille, biologiste spécialiste de la vie sauvage. 
            Mais <ev>ce repos salvateur va se transformer en épreuve de survie quand un lion assoiffé de vengeance, 
            unique rescapé de la traque sanguinaire d’ignobles braconniers, se met à dévorer tout humain sur sa route 
            et prend en chasse le docteur et sa famille.</ev>
        </scenario>
        <exploitation>
            <datesortie>22/02/2023</datesortie>
            <nbsalles>558</nbsalles>
            <nbentrees>964285</nbentrees>
            <pays>
                <nom>USA</nom>
                <nom>Chine</nom>
            </pays>
        </exploitation>
        <image href="./fall.jpg"/>
    </film>
    <acteurs>
        <acteurDescription id="1">
            <nom>Jackson</nom>
            <prenom>Peter</prenom>
            <dateNaissance>01/01/1970</dateNaissance>
            <sexe>M</sexe>
            <lieuNaissance>New York</lieuNaissance>
        </acteurDescription>
        <acteurDescription id="2">
            <nom>Simpkins</nom>
            <prenom>Ty</prenom>
            <dateNaissance>01/01/1990</dateNaissance>
            <sexe>M</sexe>
            <lieuNaissance>Portland</lieuNaissance>
        </acteurDescription>
        <acteurDescription id="3">
            <nom>Fraser</nom>
            <prenom>Brendan</prenom>
            <dateNaissance>01/01/1980</dateNaissance>
            <sexe>M</sexe>
            <lieuNaissance>Baltimore</lieuNaissance>
        </acteurDescription>
        <acteurDescription id="4">
            <nom>Sink</nom>
            <prenom>Sadie</prenom>
            <dateNaissance>01/01/1985</dateNaissance>
            <sexe>F</sexe>
            <lieuNaissance>Des Moines</lieuNaissance>
        </acteurDescription>

    </acteurs>
</films>